-- --------------------------------------------------------
-- 호스트:                          127.0.0.1
-- 서버 버전:                        8.0.17 - MySQL Community Server - GPL
-- 서버 OS:                        Win64
-- HeidiSQL 버전:                  11.3.0.6295
-- --------------------------------------------------------

/*!40101 SET @OLD_CHARACTER_SET_CLIENT=@@CHARACTER_SET_CLIENT */;
/*!40101 SET NAMES utf8 */;
/*!50503 SET NAMES utf8mb4 */;
/*!40014 SET @OLD_FOREIGN_KEY_CHECKS=@@FOREIGN_KEY_CHECKS, FOREIGN_KEY_CHECKS=0 */;
/*!40101 SET @OLD_SQL_MODE=@@SQL_MODE, SQL_MODE='NO_AUTO_VALUE_ON_ZERO' */;
/*!40111 SET @OLD_SQL_NOTES=@@SQL_NOTES, SQL_NOTES=0 */;

-- 테이블 데이터 imint_back.admin:~0 rows (대략적) 내보내기
/*!40000 ALTER TABLE `admin` DISABLE KEYS */;
/*!40000 ALTER TABLE `admin` ENABLE KEYS */;

-- 테이블 데이터 imint_back.block:~6 rows (대략적) 내보내기
/*!40000 ALTER TABLE `block` DISABLE KEYS */;
INSERT INTO `block` (`block_id`, `mb_id`, `mb_id2`, `block_date`, `block_isdelete`) VALUES
	(28, 'google_3', 'google_7', '2022-05-17 15:41:15', 1),
	(31, 'google_3', 'google_5', '2022-05-17 16:02:46', 0),
	(34, 'google_10', 'google_7', '2022-05-17 17:06:18', 1),
	(56, 'google_7', 'google_26', '2022-05-18 17:54:43', 1),
	(57, 'google_1', 'google_23', '2022-05-23 11:29:58', 1),
	(58, 'naver_2', 'google_7', '2022-05-19 16:43:22', 1),
	(59, 'google_1', 'google_26', '2022-05-19 17:43:11', 1),
	(60, 'google_1', 'google_5', '2022-05-19 17:43:59', 1);
/*!40000 ALTER TABLE `block` ENABLE KEYS */;

-- 테이블 데이터 imint_back.chatroom:~209 rows (대략적) 내보내기
/*!40000 ALTER TABLE `chatroom` DISABLE KEYS */;
INSERT INTO `chatroom` (`id`, `goods_id`, `buyer_id`, `resrv_date`, `create_date`, `isdelete`) VALUES
	(3, 12, 'google_7', NULL, '2022-04-28 16:24:01', 0),
	(4, 13, 'kakao_9', NULL, '2022-04-28 16:35:26', 0),
	(5, 14, 'google_1', NULL, '2022-04-28 17:05:17', 0),
	(6, 12, 'google_3', NULL, '2022-04-28 17:10:20', 0),
	(7, 17, 'google_7', '2022-04-29 03:34:53', '2022-04-28 17:12:08', 0),
	(8, 17, 'google_1', NULL, '2022-04-28 17:12:11', 0),
	(9, 15, 'google_7', NULL, '2022-04-28 17:13:34', 0),
	(10, 20, 'google_7', NULL, '2022-04-28 17:14:58', 0),
	(11, 21, 'google_7', NULL, '2022-04-28 17:19:07', 0),
	(12, 13, 'google_7', NULL, '2022-04-28 17:19:29', 0),
	(13, 22, 'google_7', NULL, '2022-04-28 17:20:06', 0),
	(14, 23, 'google_7', NULL, '2022-04-28 17:20:43', 0),
	(15, 26, 'google_7', NULL, '2022-04-28 17:23:41', 0),
	(16, 25, 'google_7', NULL, '2022-04-28 17:23:54', 0),
	(17, 26, 'google_1', NULL, '2022-04-28 17:23:56', 0),
	(18, 35, 'google_7', NULL, '2022-04-28 17:28:08', 0),
	(19, 32, 'google_7', NULL, '2022-04-28 17:28:10', 0),
	(20, 33, 'google_7', NULL, '2022-04-28 17:28:19', 0),
	(21, 35, 'google_1', NULL, '2022-04-28 17:28:21', 0),
	(22, 33, 'google_1', NULL, '2022-04-28 17:28:39', 0),
	(23, 15, 'google_1', NULL, '2022-04-28 17:28:47', 0),
	(24, 29, 'google_1', NULL, '2022-04-28 17:30:52', 0),
	(25, 24, 'google_1', '2022-05-23 21:57:30', '2022-04-28 17:31:05', 0),
	(26, 34, 'google_3', NULL, '2022-04-28 17:36:12', 0),
	(27, 18, 'google_3', NULL, '2022-04-28 17:36:26', 0),
	(28, 31, 'google_3', NULL, '2022-04-28 17:36:54', 0),
	(29, 33, 'google_3', NULL, '2022-04-28 17:37:11', 0),
	(30, 36, 'google_1', NULL, '2022-04-28 17:42:00', 0),
	(31, 36, 'google_3', NULL, '2022-04-28 17:42:05', 0),
	(32, 36, 'google_7', NULL, '2022-04-28 17:42:13', 0),
	(33, 34, 'google_7', NULL, '2022-04-28 17:43:46', 0),
	(34, 27, 'naver_4', NULL, '2022-04-28 18:44:08', 0),
	(35, 30, 'google_10', NULL, '2022-04-28 18:55:24', 0),
	(36, 32, 'google_1', NULL, '2022-04-29 01:31:01', 0),
	(37, 16, 'google_7', NULL, '2022-04-29 01:33:48', 0),
	(38, 27, 'google_3', '2022-05-23 16:20:16', '2022-04-29 01:54:17', 0),
	(39, 29, 'google_7', NULL, '2022-04-29 02:51:42', 0),
	(40, 28, 'google_7', NULL, '2022-04-29 03:10:08', 0),
	(41, 27, 'kakao_9', NULL, '2022-04-29 03:21:38', 0),
	(42, 34, 'google_10', NULL, '2022-04-29 03:22:58', 0),
	(43, 33, 'google_10', NULL, '2022-04-29 03:23:20', 0),
	(44, 33, 'naver_8', NULL, '2022-04-29 03:47:25', 0),
	(45, 29, 'naver_8', NULL, '2022-04-29 04:18:16', 0),
	(46, 20, 'naver_8', NULL, '2022-04-29 04:18:24', 0),
	(47, 27, 'naver_8', NULL, '2022-04-29 04:18:33', 0),
	(48, 16, 'naver_8', NULL, '2022-04-29 04:18:58', 0),
	(49, 12, 'naver_8', NULL, '2022-04-29 04:19:02', 0),
	(50, 13, 'naver_8', NULL, '2022-04-29 04:19:13', 0),
	(51, 34, 'naver_8', NULL, '2022-04-29 04:19:23', 0),
	(52, 26, 'naver_8', NULL, '2022-04-29 04:19:38', 0),
	(53, 25, 'naver_8', NULL, '2022-04-29 04:19:45', 0),
	(54, 23, 'naver_8', NULL, '2022-04-29 04:24:05', 0),
	(55, 38, 'naver_8', NULL, '2022-04-29 04:49:16', 0),
	(56, 38, 'google_1', NULL, '2022-04-29 05:17:32', 0),
	(57, 31, 'naver_8', NULL, '2022-04-29 11:37:35', 0),
	(58, 32, 'naver_8', NULL, '2022-04-29 11:39:31', 0),
	(59, 21, 'naver_8', NULL, '2022-04-29 12:14:16', 0),
	(60, 42, 'naver_2', NULL, '2022-04-29 13:34:09', 0),
	(61, 41, 'google_1', NULL, '2022-04-29 13:37:03', 0),
	(62, 28, 'google_1', NULL, '2022-04-29 13:37:27', 0),
	(63, 45, 'naver_8', NULL, '2022-04-29 14:23:39', 0),
	(64, 45, 'google_7', NULL, '2022-04-29 14:59:24', 0),
	(65, 41, 'google_7', NULL, '2022-04-29 15:04:02', 0),
	(66, 45, 'google_1', NULL, '2022-04-29 15:32:05', 0),
	(67, 45, 'google_14', '2022-04-29 16:03:14', '2022-04-29 15:59:20', 0),
	(68, 45, 'google_18', NULL, '2022-04-29 16:00:15', 0),
	(69, 44, 'google_18', NULL, '2022-04-29 16:00:36', 0),
	(70, 43, 'google_18', NULL, '2022-04-29 16:00:38', 0),
	(71, 26, 'google_18', NULL, '2022-04-29 16:01:04', 0),
	(72, 45, 'google_15', NULL, '2022-04-29 16:01:11', 0),
	(73, 38, 'google_15', NULL, '2022-04-29 16:01:23', 0),
	(74, 44, 'google_19', NULL, '2022-04-29 16:02:05', 0),
	(75, 46, 'google_1', NULL, '2022-04-29 16:02:18', 0),
	(76, 46, 'google_3', NULL, '2022-04-29 16:02:31', 0),
	(77, 38, 'google_17', NULL, '2022-04-29 16:03:01', 0),
	(78, 13, 'google_17', NULL, '2022-04-29 16:03:18', 0),
	(79, 46, 'google_22', NULL, '2022-04-29 16:03:46', 0),
	(80, 47, 'google_14', NULL, '2022-04-29 16:03:48', 0),
	(81, 47, 'google_1', NULL, '2022-04-29 16:04:19', 0),
	(82, 48, 'google_22', NULL, '2022-04-29 16:04:24', 0),
	(83, 48, 'google_25', NULL, '2022-04-29 16:04:39', 0),
	(84, 48, 'google_3', '2022-04-29 16:06:59', '2022-04-29 16:05:28', 0),
	(85, 49, 'google_22', NULL, '2022-04-29 16:05:30', 0),
	(86, 49, 'google_14', NULL, '2022-04-29 16:05:41', 0),
	(87, 49, 'google_3', NULL, '2022-04-29 16:05:41', 0),
	(88, 48, 'google_14', NULL, '2022-04-29 16:05:43', 0),
	(89, 48, 'google_1', NULL, '2022-04-29 16:05:52', 0),
	(90, 46, 'google_16', NULL, '2022-04-29 16:05:52', 0),
	(91, 46, 'google_15', NULL, '2022-04-29 16:06:08', 0),
	(92, 47, 'google_15', NULL, '2022-04-29 16:06:11', 0),
	(93, 49, 'google_15', NULL, '2022-04-29 16:06:16', 0),
	(94, 49, 'google_20', NULL, '2022-04-29 16:06:32', 0),
	(95, 46, 'google_20', NULL, '2022-04-29 16:06:36', 0),
	(96, 46, 'google_18', NULL, '2022-04-29 16:06:50', 0),
	(97, 21, 'google_22', NULL, '2022-04-29 16:06:57', 0),
	(98, 39, 'google_22', NULL, '2022-04-29 16:07:00', 0),
	(99, 41, 'google_22', NULL, '2022-04-29 16:07:27', 0),
	(100, 26, 'google_22', NULL, '2022-04-29 16:07:41', 0),
	(101, 47, 'google_17', NULL, '2022-04-29 16:08:21', 0),
	(102, 50, 'google_1', NULL, '2022-04-29 16:09:03', 0),
	(103, 52, 'google_1', NULL, '2022-04-29 16:10:36', 0),
	(104, 52, 'google_22', NULL, '2022-04-29 16:10:39', 0),
	(105, 51, 'google_22', NULL, '2022-04-29 16:10:41', 0),
	(106, 50, 'google_18', NULL, '2022-04-29 16:10:43', 0),
	(107, 52, 'google_14', NULL, '2022-04-29 16:10:49', 0),
	(108, 50, 'google_22', NULL, '2022-04-29 16:10:52', 0),
	(109, 52, 'google_17', NULL, '2022-04-29 16:11:09', 0),
	(110, 49, 'google_13', NULL, '2022-04-29 16:11:12', 0),
	(111, 50, 'google_17', NULL, '2022-04-29 16:11:14', 0),
	(112, 51, 'google_17', NULL, '2022-04-29 16:11:17', 0),
	(113, 46, 'google_17', NULL, '2022-04-29 16:12:11', 0),
	(114, 53, 'google_18', NULL, '2022-04-29 16:12:17', 0),
	(115, 53, 'google_17', NULL, '2022-04-29 16:12:18', 0),
	(116, 52, 'google_25', NULL, '2022-04-29 16:12:21', 0),
	(117, 53, 'google_1', NULL, '2022-04-29 16:12:23', 0),
	(118, 50, 'google_16', NULL, '2022-04-29 16:13:06', 0),
	(119, 53, 'google_25', NULL, '2022-04-29 16:13:09', 0),
	(120, 34, 'google_25', NULL, '2022-04-29 16:13:21', 0),
	(121, 54, 'google_25', NULL, '2022-04-29 16:13:27', 0),
	(122, 54, 'google_1', NULL, '2022-04-29 16:13:29', 0),
	(123, 53, 'google_16', NULL, '2022-04-29 16:14:06', 0),
	(124, 54, 'google_14', NULL, '2022-04-29 16:14:23', 0),
	(125, 49, 'google_16', NULL, '2022-04-29 16:14:54', 0),
	(126, 46, 'google_24', NULL, '2022-04-29 16:14:58', 0),
	(127, 54, 'google_24', NULL, '2022-04-29 16:15:09', 0),
	(128, 54, 'google_17', NULL, '2022-04-29 16:15:14', 0),
	(129, 53, 'google_24', NULL, '2022-04-29 16:15:19', 0),
	(130, 52, 'google_24', NULL, '2022-04-29 16:15:28', 0),
	(131, 50, 'google_24', NULL, '2022-04-29 16:15:32', 0),
	(132, 47, 'google_24', NULL, '2022-04-29 16:15:46', 0),
	(133, 49, 'google_24', NULL, '2022-04-29 16:15:52', 0),
	(134, 53, 'google_20', NULL, '2022-04-29 16:16:02', 0),
	(135, 34, 'google_24', NULL, '2022-04-29 16:16:08', 0),
	(136, 54, 'google_20', NULL, '2022-04-29 16:16:09', 0),
	(137, 52, 'google_20', NULL, '2022-04-29 16:16:13', 0),
	(138, 54, 'google_16', NULL, '2022-04-29 16:16:38', 0),
	(139, 53, 'google_13', NULL, '2022-04-29 16:16:46', 0),
	(140, 52, 'google_13', NULL, '2022-04-29 16:17:14', 0),
	(141, 52, 'google_16', NULL, '2022-04-29 16:17:18', 0),
	(142, 47, 'google_13', NULL, '2022-04-29 16:17:22', 0),
	(143, 38, 'google_13', NULL, '2022-04-29 16:17:28', 0),
	(144, 29, 'google_16', NULL, '2022-04-29 16:18:58', 0),
	(145, 55, 'google_29', NULL, '2022-04-29 16:19:30', 0),
	(146, 53, 'google_22', NULL, '2022-04-29 16:19:46', 0),
	(147, 54, 'google_3', NULL, '2022-04-29 16:19:52', 0),
	(148, 50, 'google_26', NULL, '2022-04-29 16:20:43', 0),
	(149, 47, 'google_25', NULL, '2022-04-29 16:22:55', 0),
	(150, 38, 'google_26', NULL, '2022-04-29 16:23:14', 0),
	(151, 49, 'google_26', NULL, '2022-04-29 16:24:58', 0),
	(152, 42, 'google_25', NULL, '2022-04-29 16:25:04', 0),
	(153, 50, 'google_25', NULL, '2022-04-29 16:26:02', 0),
	(154, 52, 'naver_8', NULL, '2022-04-29 16:26:51', 0),
	(155, 53, 'naver_8', NULL, '2022-04-29 16:26:53', 0),
	(156, 49, 'google_25', NULL, '2022-04-29 16:27:07', 0),
	(157, 46, 'naver_8', NULL, '2022-04-29 16:27:57', 0),
	(158, 53, 'google_15', NULL, '2022-04-29 16:38:58', 0),
	(159, 44, 'google_26', NULL, '2022-04-29 16:40:45', 0),
	(160, 50, 'naver_8', NULL, '2022-04-29 16:53:22', 0),
	(161, 49, 'naver_8', NULL, '2022-04-29 16:58:10', 0),
	(162, 43, 'naver_8', NULL, '2022-04-29 16:58:16', 0),
	(163, 39, 'naver_8', NULL, '2022-04-29 16:58:28', 0),
	(164, 49, 'google_7', NULL, '2022-04-29 17:54:13', 0),
	(165, 52, 'google_7', NULL, '2022-04-29 19:03:30', 0),
	(166, 50, 'google_7', NULL, '2022-04-29 19:03:32', 0),
	(167, 53, 'google_7', NULL, '2022-04-29 19:05:17', 0),
	(168, 46, 'google_7', NULL, '2022-04-29 19:05:57', 0),
	(169, 39, 'google_1', NULL, '2022-04-29 19:07:45', 0),
	(170, 53, 'google_32', NULL, '2022-04-29 19:20:06', 0),
	(171, 24, 'naver_8', NULL, '2022-04-29 19:20:31', 0),
	(172, 38, 'google_32', NULL, '2022-04-29 19:23:09', 0),
	(173, 24, 'google_10', NULL, '2022-04-29 19:24:21', 0),
	(174, 39, 'google_7', NULL, '2022-04-29 19:57:56', 0),
	(175, 44, 'google_7', NULL, '2022-04-29 20:10:02', 0),
	(176, 39, 'google_24', NULL, '2022-04-30 04:34:02', 0),
	(177, 50, 'google_3', NULL, '2022-04-30 13:38:00', 0),
	(178, 52, 'google_3', NULL, '2022-04-30 13:38:05', 0),
	(179, 43, 'google_23', '2022-05-11 09:14:33', '2022-05-11 09:13:43', 0),
	(180, 42, 'google_23', NULL, '2022-05-12 02:38:22', 0),
	(182, 18, 'google_1', NULL, '2022-05-12 02:45:45', 0),
	(183, 44, 'google_1', NULL, '2022-05-12 08:19:51', 0),
	(186, 53, 'google_10', NULL, '2022-05-17 02:43:14', 0),
	(188, 52, 'google_10', NULL, '2022-05-17 02:48:29', 0),
	(189, 53, 'google_23', NULL, '2022-05-17 04:27:43', 0),
	(190, 53, 'google_3', NULL, '2022-05-17 14:22:23', 0),
	(191, 40, 'google_7', NULL, '2022-05-17 14:36:51', 0),
	(192, 46, 'naver_2', NULL, '2022-05-17 15:27:04', 0),
	(193, 38, 'naver_2', NULL, '2022-05-17 15:27:15', 0),
	(194, 24, 'naver_2', NULL, '2022-05-17 15:27:23', 0),
	(195, 46, 'google_10', NULL, '2022-05-17 16:29:15', 0),
	(196, 52, 'google_23', NULL, '2022-05-17 17:01:06', 0),
	(197, 50, 'google_23', NULL, '2022-05-17 17:01:10', 0),
	(198, 49, 'google_23', NULL, '2022-05-17 17:01:12', 0),
	(199, 38, 'google_23', NULL, '2022-05-17 17:01:29', 0),
	(200, 49, 'google_1', NULL, '2022-05-18 17:21:21', 0),
	(206, 40, 'google_1', '2022-05-21 00:01:14', '2022-05-21 00:00:49', 0),
	(208, 21, 'google_1', NULL, '2022-05-21 00:01:48', 0),
	(211, 53, 'google_28', NULL, '2022-05-21 00:53:20', 0),
	(212, 52, 'google_28', NULL, '2022-05-21 00:53:29', 0),
	(213, 33, 'google_28', NULL, '2022-05-21 00:53:41', 0),
	(221, 52, 'naver_36', NULL, '2022-05-21 04:19:01', 0),
	(222, 49, 'naver_36', NULL, '2022-05-21 16:55:10', 0),
	(223, 50, 'naver_36', NULL, '2022-05-21 16:55:13', 0),
	(224, 23, 'naver_36', NULL, '2022-05-21 16:59:59', 0),
	(225, 36, 'naver_36', NULL, '2022-05-21 17:00:56', 0),
	(227, 42, 'naver_36', NULL, '2022-05-21 17:09:34', 0),
	(229, 53, 'kakao_33', NULL, '2022-05-23 11:08:31', 0),
	(230, 42, 'google_7', NULL, '2022-05-23 14:08:51', 0),
	(236, 44, 'naver_36', NULL, '2022-05-23 17:59:52', 0),
	(237, 41, 'naver_36', NULL, '2022-05-23 18:00:02', 0);
/*!40000 ALTER TABLE `chatroom` ENABLE KEYS */;

-- 테이블 데이터 imint_back.chat_messages:~218 rows (대략적) 내보내기
/*!40000 ALTER TABLE `chat_messages` DISABLE KEYS */;
INSERT INTO `chat_messages` (`id`, `chatroom_id`, `sender_id`, `message`, `is_read`, `is_deleted`, `send_date`) VALUES
	(14, 6, 'google_1', '안녕하세요', 1, 0, '2022-04-28 17:11:28'),
	(15, 3, 'google_7', '안녕하세요 거래하고 싶어요', 1, 0, '2022-04-28 17:11:40'),
	(16, 3, 'google_7', '30분 뒤에 민트역에서 가능할까요', 1, 0, '2022-04-28 17:11:50'),
	(17, 7, 'google_7', '사고싶어요', 0, 0, '2022-04-28 17:12:17'),
	(18, 7, 'google_3', '', 1, 0, '2022-04-28 17:12:25'),
	(19, 7, 'google_3', '얼마에 구매하시나요?', 1, 0, '2022-04-28 17:12:45'),
	(20, 3, 'google_1', '네 그럼 민트역 앞에서 만나요', 1, 0, '2022-04-28 17:29:12'),
	(21, 18, 'google_7', '네고', 0, 0, '2022-04-28 17:40:36'),
	(22, 18, 'google_7', '네고', 0, 0, '2022-04-28 17:41:22'),
	(23, 21, 'google_1', '혹시 4만원에 되나요', 1, 0, '2022-04-28 17:41:23'),
	(24, 18, 'google_7', '네고', 0, 0, '2022-04-28 17:41:25'),
	(25, 18, 'google_7', '네고', 0, 0, '2022-04-28 17:41:26'),
	(26, 30, 'google_1', '사고 싶어요', 0, 0, '2022-04-28 17:42:07'),
	(27, 31, 'google_3', '', 0, 0, '2022-04-28 17:42:12'),
	(28, 31, 'google_3', '', 0, 0, '2022-04-28 17:42:18'),
	(29, 31, 'google_3', '', 0, 0, '2022-04-28 17:42:22'),
	(30, 31, 'google_3', '', 0, 0, '2022-04-28 17:42:33'),
	(31, 31, 'google_3', '500원이요', 0, 0, '2022-04-28 17:42:40'),
	(32, 32, 'google_7', '"500원', 0, 0, '2022-04-28 17:42:43'),
	(33, 32, 'google_7', '500', 0, 0, '2022-04-28 17:42:50'),
	(34, 32, 'google_7', '500', 0, 0, '2022-04-28 17:43:02'),
	(35, 32, 'google_7', '850', 0, 0, '2022-04-28 17:43:04'),
	(36, 32, 'google_7', '5661', 0, 0, '2022-04-28 17:43:06'),
	(37, 32, 'google_7', '123', 0, 0, '2022-04-28 17:43:09'),
	(38, 32, 'google_7', '14123', 0, 0, '2022-04-28 17:43:10'),
	(39, 31, 'google_3', '', 0, 0, '2022-04-28 17:44:11'),
	(40, 31, 'google_3', '저 예약할래요', 0, 0, '2022-04-28 17:44:19'),
	(41, 31, 'google_3', '저요', 0, 0, '2022-04-28 17:44:24'),
	(42, 31, 'google_5', '안돼요', 1, 0, '2022-04-28 17:44:27'),
	(43, 25, 'google_7', 'fdd', 1, 0, '2022-04-28 18:15:53'),
	(44, 37, 'google_7', '네고', 1, 0, '2022-04-29 01:34:31'),
	(45, 38, 'google_3', '저 사고 싶은데 15000원으로 거래 되나요?', 1, 0, '2022-04-29 01:54:51'),
	(46, 38, 'google_3', '내일 용돈받아서 바로 구매 가능해요~', 1, 0, '2022-04-29 01:55:19'),
	(47, 27, 'google_3', '저 꼭 구매하고 싶어요!!', 1, 0, '2022-04-29 03:22:28'),
	(48, 21, 'google_3', '4만원은 어렵습니다..', 1, 0, '2022-04-29 03:22:43'),
	(49, 21, 'google_3', '거의 새거라서요', 1, 0, '2022-04-29 03:23:02'),
	(50, 19, 'google_7', '안장만 빼가도 될까요?', 0, 0, '2022-04-29 12:14:49'),
	(51, 37, 'google_1', '?', 0, 0, '2022-04-29 12:32:59'),
	(52, 37, 'google_7', '.', 1, 0, '2022-04-29 14:57:02'),
	(53, 37, 'google_7', '.', 1, 0, '2022-04-29 14:58:11'),
	(54, 37, 'google_7', '.', 1, 0, '2022-04-29 15:02:34'),
	(55, 37, 'google_7', '.', 1, 0, '2022-04-29 15:02:49'),
	(56, 21, 'google_1', '아숩', 1, 0, '2022-04-29 15:22:13'),
	(57, 21, 'google_1', '그래도 살게요', 1, 0, '2022-04-29 15:22:27'),
	(58, 38, 'google_1', '18000원까지만 가능합니다', 1, 0, '2022-04-29 15:23:00'),
	(59, 67, 'google_14', '구매하고싶어요', 0, 0, '2022-04-29 15:59:31'),
	(60, 68, 'google_18', 'test', 1, 0, '2022-04-29 16:00:29'),
	(61, 73, 'google_15', '구매되나요?', 1, 0, '2022-04-29 16:01:34'),
	(62, 75, 'google_1', '개 맞나요?', 0, 0, '2022-04-29 16:02:28'),
	(63, 76, 'google_3', '가격 흥정 정말 안되나요?', 0, 0, '2022-04-29 16:02:51'),
	(64, 67, 'google_3', '예약해드렸습니다~', 0, 0, '2022-04-29 16:03:11'),
	(65, 68, 'google_3', '관심주셔서 감사합니다!', 0, 0, '2022-04-29 16:03:28'),
	(66, 19, 'google_3', '총 부품만 거래 가능합니다ㅠㅠ', 1, 0, '2022-04-29 16:03:47'),
	(67, 84, 'google_3', '구매원합니다!', 0, 0, '2022-04-29 16:05:38'),
	(68, 89, 'google_1', '톰캣 사고 싶어요', 0, 0, '2022-04-29 16:06:00'),
	(69, 90, 'google_16', '구매하고싶네요', 1, 0, '2022-04-29 16:06:06'),
	(70, 90, 'google_14', '사실래요?', 0, 0, '2022-04-29 16:06:47'),
	(71, 76, 'google_14', '네 안되요', 1, 0, '2022-04-29 16:06:53'),
	(72, 96, 'google_18', 'ytrytr', 0, 0, '2022-04-29 16:06:59'),
	(73, 75, 'google_14', '고양이에요 죄송', 1, 0, '2022-04-29 16:07:01'),
	(74, 75, 'google_1', '힝', 0, 0, '2022-04-29 16:07:07'),
	(75, 84, 'google_15', '예약해드렸습니다^^', 1, 0, '2022-04-29 16:07:11'),
	(76, 75, 'google_14', '사실거에요?', 1, 0, '2022-04-29 16:07:14'),
	(77, 89, 'google_15', '먼저 오신분이 계셔요 ㅠㅠ', 1, 0, '2022-04-29 16:07:20'),
	(78, 75, 'google_14', '흥정안되요', 1, 0, '2022-04-29 16:07:22'),
	(79, 90, 'google_16', 'ㅋㅋㅋㅋㅋㅋㅋㅋㅋㅋㅋㅋㅋㅋㅋㅋㅋㅋㅋㅋㅋㅋㅋㅋㅋㅋㅋㅋㅋㅋㅋㅋㅋㅋㅋㅋㅋㅋㅋㅋㅋ', 1, 0, '2022-04-29 16:07:22'),
	(80, 75, 'google_1', '개 아니라서...', 0, 0, '2022-04-29 16:07:24'),
	(81, 90, 'google_16', '아진짴ㅋㅋㅋㅋㅋㅋㅋㅋㅋㅋㅋㅋㅋㅋㅋ', 1, 0, '2022-04-29 16:07:24'),
	(82, 75, 'google_14', '아 개파시구나', 1, 0, '2022-04-29 16:07:30'),
	(83, 75, 'google_1', '넹 아숩네요 수고하세요!', 0, 0, '2022-04-29 16:07:48'),
	(84, 75, 'google_14', '네 수고하세요!', 1, 0, '2022-04-29 16:07:53'),
	(85, 89, 'google_1', '아고... 아숩네요 감사합ㄴ다', 0, 0, '2022-04-29 16:08:02'),
	(86, 90, 'google_14', '?', 0, 0, '2022-04-29 16:08:03'),
	(87, 89, 'google_1', '감사합니다 좋은 하루 되세요', 0, 0, '2022-04-29 16:08:07'),
	(88, 90, 'google_14', '안사실거면 차단합니다', 0, 0, '2022-04-29 16:08:07'),
	(89, 84, 'google_3', '감사합니다!!!', 0, 0, '2022-04-29 16:08:18'),
	(90, 79, 'google_22', '깍아줘요', 0, 0, '2022-04-29 16:08:26'),
	(91, 79, 'google_22', '깍아달라구요', 0, 0, '2022-04-29 16:08:33'),
	(92, 79, 'google_22', '지금당장깍아줏에ㅛ', 0, 0, '2022-04-29 16:08:37'),
	(93, 90, 'google_16', '가격제안 가능인데', 1, 0, '2022-04-29 16:08:37'),
	(94, 79, 'google_14', '싫어요', 0, 0, '2022-04-29 16:08:39'),
	(95, 90, 'google_16', '얼마까지 가능한가요', 1, 0, '2022-04-29 16:08:40'),
	(96, 79, 'google_14', '흥정안되요', 0, 0, '2022-04-29 16:08:40'),
	(97, 79, 'google_14', '흥정하실거면', 0, 0, '2022-04-29 16:08:43'),
	(98, 79, 'google_14', '차단합니다', 0, 0, '2022-04-29 16:08:46'),
	(99, 79, 'google_22', '그 가격에 안팔려요', 0, 0, '2022-04-29 16:08:47'),
	(100, 79, 'google_14', '팔려요', 0, 0, '2022-04-29 16:08:50'),
	(101, 79, 'google_22', '제가 사드릴테니까', 0, 0, '2022-04-29 16:08:50'),
	(102, 79, 'google_22', '깍아줘요', 0, 0, '2022-04-29 16:08:51'),
	(103, 87, 'google_3', '구매 말고 1일 대여는 안되나요?', 0, 0, '2022-04-29 16:08:54'),
	(104, 79, 'google_14', '아 그럼', 0, 0, '2022-04-29 16:08:57'),
	(105, 79, 'google_22', '근데 채팅치면 자동으로 밑으로 스크롤', 0, 0, '2022-04-29 16:08:59'),
	(106, 79, 'google_22', '안되는거', 0, 0, '2022-04-29 16:09:00'),
	(107, 79, 'google_14', '100원 깍아드릴게요', 0, 0, '2022-04-29 16:09:00'),
	(108, 79, 'google_22', '불편합니다', 0, 0, '2022-04-29 16:09:01'),
	(109, 87, 'google_17', '네 공교롭게도 안됩니다', 1, 0, '2022-04-29 16:09:05'),
	(110, 79, 'google_14', 'ㅋㅋㅋㅋㅋㅋㅋㅋㅋㅋㅋ', 0, 0, '2022-04-29 16:09:06'),
	(111, 79, 'google_22', '어떻게 생각하시나요', 0, 0, '2022-04-29 16:09:09'),
	(112, 79, 'google_14', '불편합니다', 0, 0, '2022-04-29 16:09:14'),
	(113, 90, 'google_14', '아 그럼', 0, 0, '2022-04-29 16:09:48'),
	(114, 85, 'google_22', '깍아주세요', 0, 0, '2022-04-29 16:09:50'),
	(115, 85, 'google_22', '깍아달라고요', 0, 0, '2022-04-29 16:09:52'),
	(116, 90, 'google_14', '제가 특별히', 0, 0, '2022-04-29 16:09:52'),
	(117, 85, 'google_22', '빨리', 0, 0, '2022-04-29 16:09:52'),
	(118, 85, 'google_22', '당장', 0, 0, '2022-04-29 16:09:53'),
	(119, 90, 'google_14', '선생님한테만', 0, 0, '2022-04-29 16:09:54'),
	(120, 85, 'google_22', '깍으세요', 0, 0, '2022-04-29 16:09:54'),
	(121, 90, 'google_14', '90,000,000원에 드릴게요', 0, 0, '2022-04-29 16:10:03'),
	(122, 90, 'google_14', '이거 진짜', 0, 0, '2022-04-29 16:10:04'),
	(123, 90, 'google_14', '저한테 소중한거라서', 0, 0, '2022-04-29 16:10:07'),
	(124, 90, 'google_16', '아... 근데 막상구매했는데', 1, 0, '2022-04-29 16:10:41'),
	(125, 90, 'google_16', '저표정아니면', 1, 0, '2022-04-29 16:10:43'),
	(126, 90, 'google_16', '약간 곤란한데', 1, 0, '2022-04-29 16:10:45'),
	(127, 105, 'google_22', '안녕하세요', 0, 0, '2022-04-29 16:10:49'),
	(128, 108, 'google_22', '안녕하세요', 0, 0, '2022-04-29 16:10:58'),
	(129, 104, 'google_22', '안녕하세요', 0, 0, '2022-04-29 16:11:03'),
	(130, 90, 'google_14', '아 항상', 0, 0, '2022-04-29 16:11:09'),
	(131, 90, 'google_14', '저표정이에요', 0, 0, '2022-04-29 16:11:10'),
	(132, 87, 'google_3', '마음 바뀌시면 꼭 채팅주세요..', 0, 0, '2022-04-29 16:11:11'),
	(133, 90, 'google_14', '보장합니다', 0, 0, '2022-04-29 16:11:15'),
	(134, 105, 'google_25', '안녕하세요', 0, 0, '2022-04-29 16:11:20'),
	(135, 90, 'google_16', 'ㅋㅋㅋㅋㅋㅋㅋㅋㅋㅋㅋ', 1, 0, '2022-04-29 16:11:21'),
	(136, 90, 'google_16', '어디서 거래가능하신가요', 1, 0, '2022-04-29 16:11:24'),
	(137, 87, 'google_17', '네 ㅠㅠ', 1, 0, '2022-04-29 16:11:33'),
	(138, 85, 'google_17', '나가세요', 1, 0, '2022-04-29 16:11:40'),
	(139, 90, 'google_14', '아 저 직거래 안하는데', 0, 0, '2022-04-29 16:11:55'),
	(140, 90, 'google_14', '주소좀 주세요', 0, 0, '2022-04-29 16:12:00'),
	(141, 108, 'google_20', '안녕하세요~', 0, 0, '2022-04-29 16:12:30'),
	(142, 90, 'google_16', '멀티캠퍼스 주소로 보내주시면됩니다', 1, 0, '2022-04-29 16:12:31'),
	(143, 117, 'google_1', '혹시 씰은 뭐 나오셨나요?', 0, 0, '2022-04-29 16:12:59'),
	(144, 118, 'google_16', '여긴 고양이 판매하시는 분들이 많네요', 0, 0, '2022-04-29 16:13:19'),
	(145, 85, 'google_22', '너무해 ㅜ', 0, 0, '2022-04-29 16:13:45'),
	(146, 118, 'google_20', '네 핫하죠~', 0, 0, '2022-04-29 16:13:51'),
	(147, 118, 'google_16', '100,000,000원짜리 고양이는 표정이 예술이던데', 0, 0, '2022-04-29 16:14:33'),
	(148, 118, 'google_16', '이고양이는', 0, 0, '2022-04-29 16:14:37'),
	(149, 118, 'google_16', '매력이 뭔가요', 0, 0, '2022-04-29 16:14:40'),
	(150, 85, 'google_22', '너무해', 0, 0, '2022-04-29 16:15:17'),
	(151, 85, 'google_22', '너무해', 0, 0, '2022-04-29 16:15:18'),
	(152, 85, 'google_22', '너무해', 0, 0, '2022-04-29 16:15:18'),
	(153, 85, 'google_17', '그댄 배추하세요', 1, 0, '2022-04-29 16:15:42'),
	(154, 117, 'google_26', '미개봉이라 확인불가능합니다...', 1, 0, '2022-04-29 16:15:50'),
	(155, 85, 'google_22', '오... 노잼입니다 ㅜ', 0, 0, '2022-04-29 16:16:36'),
	(156, 118, 'google_20', '음식 훔쳐먹는게 취미라 다이어트에 효과적입니다 ^~^', 0, 0, '2022-04-29 16:16:44'),
	(157, 117, 'google_1', '고양이가 먹었는데 미개봉', 0, 0, '2022-04-29 16:16:45'),
	(158, 117, 'google_1', '사기꾼이야!', 0, 0, '2022-04-29 16:16:48'),
	(159, 129, 'google_24', '스티커도 있나여??', 1, 0, '2022-04-29 16:17:11'),
	(160, 85, 'google_17', 'ㅎ..', 1, 0, '2022-04-29 16:19:01'),
	(161, 117, 'google_26', '잘안보여서 확인이어렵습니다...', 1, 0, '2022-04-29 16:19:51'),
	(162, 129, 'google_26', '씰은 잘안보여서 확인이 어렵습니다...', 0, 0, '2022-04-29 16:20:15'),
	(163, 145, 'google_29', '네고가능한가요', 0, 0, '2022-04-29 16:20:26'),
	(164, 145, 'google_28', '불가능합니다', 0, 0, '2022-04-29 16:20:47'),
	(165, 145, 'google_28', '제발', 0, 0, '2022-04-29 16:20:53'),
	(166, 111, 'google_17', '고양이 너무 귀여운데 가격이 좀 쎄요 ㅠㅡㅡㅡㅠ', 0, 0, '2022-04-29 16:21:05'),
	(167, 145, 'google_28', '9500원으로 제안합니다', 0, 0, '2022-04-29 16:21:12'),
	(168, 145, 'google_29', '넵 ', 0, 0, '2022-04-29 16:21:15'),
	(169, 111, 'google_20', '넘 커여운 고양이라 네고 어려운데.. 특별히 해드릴게여~!', 0, 0, '2022-04-29 16:22:37'),
	(170, 149, 'google_25', '웨이팅이 필수라는데 그 정도 가치가 있나요?', 0, 0, '2022-04-29 16:24:00'),
	(171, 149, 'google_22', '꼭 가보세요 낮술때렸습니다', 0, 0, '2022-04-29 16:25:08'),
	(172, 111, 'google_17', '앗 얼마까지 될까요', 0, 0, '2022-04-29 16:25:18'),
	(173, 111, 'google_20', '먼저 제안 해보시죳~~!', 0, 0, '2022-04-29 16:30:48'),
	(174, 111, 'google_17', '흠', 0, 0, '2022-04-29 16:31:14'),
	(175, 111, 'google_17', '깔끔하게 10만원 어떠신가요', 0, 0, '2022-04-29 16:31:34'),
	(176, 111, 'google_20', '너무하시는거 아닌가여~ 12만원 하시죠!', 0, 0, '2022-04-29 16:35:47'),
	(177, 111, 'google_17', 'ㅠㅠ', 0, 0, '2022-04-29 16:44:23'),
	(178, 111, 'google_17', '그럼', 0, 0, '2022-04-29 16:44:28'),
	(179, 111, 'google_17', '일단 훈련 장려금이 들어오면 생각해보고 다시 올게요 ..', 0, 0, '2022-04-29 16:44:39'),
	(180, 73, 'google_7', '안아줘요', 0, 0, '2022-04-29 19:03:53'),
	(181, 165, 'google_7', '네고', 0, 0, '2022-04-29 19:05:32'),
	(182, 165, 'google_7', '네고', 0, 0, '2022-04-29 19:05:33'),
	(183, 168, 'google_7', '네고', 0, 0, '2022-04-29 19:08:30'),
	(184, 168, 'google_7', '네고', 0, 0, '2022-04-29 19:08:31'),
	(185, 168, 'google_7', '고양이 친구 필요해요', 0, 0, '2022-04-29 19:08:50'),
	(186, 172, 'google_32', '안아줘요', 1, 0, '2022-04-29 19:23:17'),
	(187, 172, 'google_32', '안아줘요', 1, 0, '2022-04-29 19:23:25'),
	(188, 172, 'google_7', 'djdjdj', 1, 0, '2022-04-29 19:24:42'),
	(189, 172, 'google_7', '어ㅓㅓㅓㅓㅓㅓㅓㅓㅓ', 1, 0, '2022-04-29 19:24:43'),
	(190, 172, 'google_7', '안아줘요', 1, 0, '2022-04-29 19:24:51'),
	(191, 172, 'google_7', '안아줘요안아줘요안아줘요안아줘요안아줘요', 1, 0, '2022-04-29 19:24:55'),
	(192, 6, 'google_1', 'jpq_', 1, 0, '2022-05-11 13:35:41'),
	(199, 182, 'google_1', 'ㅎㅎ', 1, 0, '2022-05-12 02:46:11'),
	(264, 25, 'google_1', 'test', 1, 0, '2022-05-17 00:36:25'),
	(265, 182, 'google_1', 'test', 1, 0, '2022-05-17 00:37:16'),
	(266, 182, 'google_1', 'test', 1, 0, '2022-05-17 00:37:19'),
	(267, 84, 'google_3', '차단합니다', 0, 0, '2022-05-17 14:26:30'),
	(268, 84, 'google_3', '치딘', 0, 0, '2022-05-17 14:26:40'),
	(269, 6, 'google_3', '치딘요', 1, 0, '2022-05-17 14:39:17'),
	(270, 27, 'google_3', '차단ㅇㅅ', 1, 0, '2022-05-17 14:43:57'),
	(271, 27, 'google_7', '?', 1, 0, '2022-05-17 14:45:46'),
	(272, 27, 'google_7', '너무하네요', 1, 0, '2022-05-17 14:45:50'),
	(273, 27, 'google_3', '님 재차단여', 1, 0, '2022-05-17 15:11:46'),
	(274, 27, 'google_3', '또차단여', 1, 0, '2022-05-17 15:41:12'),
	(275, 31, 'google_3', '차단요', 0, 0, '2022-05-17 15:42:58'),
	(348, 3, 'google_7', '거래 감사합니다', 1, 0, '2022-04-28 17:45:46'),
	(349, 182, 'google_7', '수고하셧씁니다', 1, 0, '2022-05-18 17:46:29'),
	(364, 25, 'google_1', '여기에 예약 걸어주세요', 1, 0, '2022-05-19 17:37:46'),
	(365, 25, 'google_7', '.', 1, 0, '2022-05-19 17:45:30'),
	(366, 25, 'google_7', '??', 1, 0, '2022-05-19 17:45:33'),
	(367, 25, 'google_7', '???', 1, 0, '2022-05-19 17:45:43'),
	(369, 172, 'google_7', '.', 1, 0, '2022-05-20 23:41:30'),
	(370, 206, 'google_1', 'd', 1, 0, '2022-05-21 00:00:53'),
	(371, 166, 'google_7', 'ㄹ', 0, 0, '2022-05-21 00:04:01'),
	(372, 12, 'google_7', '호', 1, 0, '2022-05-21 00:04:14'),
	(373, 213, 'google_28', '.', 0, 0, '2022-05-21 00:53:44'),
	(375, 12, 'google_7', '올린 상품사진이 없으면 상품이미지DB에 데이터가 없어서  채팅이 되지않던 버그를 고쳤습니다. ', 1, 0, '2022-05-21 02:41:35'),
	(382, 12, 'google_1', '감사합니다', 1, 0, '2022-05-23 10:47:16'),
	(383, 180, 'google_23', '안녕하세요 구매가능한가요', 1, 0, '2022-05-23 11:14:51'),
	(384, 180, 'google_1', '네 가능합니다', 0, 0, '2022-05-23 11:15:01'),
	(385, 180, 'google_23', '그럼 제가 살게요', 1, 0, '2022-05-23 11:16:42'),
	(386, 180, 'google_23', '혹시 연락처가 어떻게 되세요?', 1, 0, '2022-05-23 11:17:03'),
	(387, 180, 'google_1', '전화번호는 못 보낸대요', 0, 0, '2022-05-23 11:22:42'),
	(388, 180, 'google_23', '그럼 주소가 어떻게 되시나요?', 1, 0, '2022-05-23 11:22:53'),
	(389, 180, 'google_1', '왜요?', 0, 0, '2022-05-23 11:22:57'),
	(390, 180, 'google_23', '어디서 만날지 정하려면 알아야해서요', 1, 0, '2022-05-23 11:23:09'),
	(391, 180, 'google_1', '주소도 안 된대요', 0, 0, '2022-05-23 11:25:04'),
	(392, 180, 'google_23', '아...', 1, 0, '2022-05-23 11:25:12'),
	(393, 180, 'google_1', '그리고 엄마한테 물어봤는데 개인정보 자꾸 요구하는 사람은 차단하래서 차단합니다', 0, 0, '2022-05-23 11:25:45'),
	(394, 180, 'google_1', '9212081', 0, 0, '2022-05-23 15:07:41'),
	(395, 180, 'google_1', '5678123', 0, 0, '2022-05-23 15:48:55');
/*!40000 ALTER TABLE `chat_messages` ENABLE KEYS */;

-- 테이블 데이터 imint_back.goods:~46 rows (대략적) 내보내기
/*!40000 ALTER TABLE `goods` DISABLE KEYS */;
INSERT INTO `goods` (`goods_id`, `seller_id`, `seller_nick`, `goods_title`, `goods_content`, `goods_price`, `goods_category`, `goods_suggestible`, `goods_location`, `goods_create_date`, `goods_status`, `goods_isdelete`) VALUES
	(12, 'google_1', '작은민트', '탬버린 팝니다', '1달 쓰고 안 써서 팝니다', 2000, '교구', 0, '대한민국', '2022-04-28 16:18:51', 'comp', 0),
	(13, 'google_1', '작은민트', '피카츄 띠부띠부씰 팝니다', '필요 없어서 팜', 10000, '완구', 1, '대한민국', '2022-04-28 16:25:28', 'wait', 0),
	(14, 'google_5', '해연실험1', '사진X 테스트', 'ㅌㅅㅌ', 1200, '문구', 0, '대한민국', '2022-04-28 16:44:25', 'wait', 1),
	(15, 'google_5', '해연실험1', '엄청긴제목에대한테스트를하고있습니다.', 'ㅌㅅㅌ', 20000000, '문구', 0, '대한민국', '2022-04-28 17:08:27', 'wait', 1),
	(16, 'google_1', '작은민트', '청바지 팝니다', '150 사이즈에요\n\n무릎 안 까졌어요', 5000, '의류', 1, '대한민국', '2022-04-28 17:08:55', 'comp', 0),
	(17, 'google_3', 'jj', '예쁜 풍선 팔아요', '개당 5천원, 묶음 구매시 3만원이요', 5000, '문구', 1, '대한민국', '2022-04-28 17:09:56', 'resrv', 0),
	(18, 'google_7', '윤성2', '포켓몬빵 팔아요', '맛잇게드세요', 2520, '기타', 1, '대한민국', '2022-04-28 17:10:27', 'comp', 0),
	(19, 'google_5', '해연실험1', '십만원이상테스트입니다', 'ㅇ', 200000, '문구', 0, '대한민국', '2022-04-28 17:10:54', 'wait', 1),
	(20, 'google_1', '작은민트', '스폰지밥 퍼즐 10000피스', '어려워서 팜', 10000, '완구', 1, '대한민국', '2022-04-28 17:11:16', 'wait', 0),
	(21, 'google_3', 'jj', '초등 1학년 2학기 수학교과서', '작년에 썼던 교과서에요~ 낙서 없이 공부했습니다 ㅎㅎ ', 3500, '도서', 0, '대한민국', '2022-04-28 17:18:27', 'wait', 0),
	(22, 'google_5', '해연실험1', '장식꽃 팔아요', '오늘안에 사시면 1000원', 2000, '기타', 1, '대한민국', '2022-04-28 17:19:14', 'wait', 0),
	(23, 'google_1', '작은민트', '무제 공책 10권 세트', '500원 짜리 공책 10권 세트', 3000, '문구', 0, '대한민국', '2022-04-28 17:20:37', 'wait', 0),
	(24, 'google_7', '윤성2', '아이폰12', '아이폰12', 290000, '기타', 0, '대한민국', '2022-04-28 17:21:44', 'resrv', 0),
	(25, 'google_1', '작은민트', '단소', '아무리 불어도 소리도 안 나고\n\n소리 안 난다고 맨날 남아서 연습하고\n\n화딱지 나서 팝니다', 1000, '교구', 0, '대한민국', '2022-04-28 17:21:51', 'wait', 0),
	(26, 'google_5', '해연실험1', '닌텐도 팝니다', '이제 공부해야돼서 팔아용', 270000, '완구', 0, '대한민국', '2022-04-28 17:22:36', 'wait', 0),
	(27, 'google_1', '작은민트', '포켓몬 몬스터볼 백팩 팝니다', '얼마 안 썼고 깨끗하게 세탁했습니다\n\n흥정 가능', 20000, '문구', 1, '대한민국', '2022-04-28 17:23:47', 'resrv', 0),
	(28, 'google_5', '해연실험1', '젤다 야숨 칩', '차기작 나올것같아서 팝니다', 40000, '완구', 0, '대한민국', '2022-04-28 17:24:22', 'wait', 0),
	(29, 'google_5', '해연실험1', '갬성 엽서', '1개당 1000원 네고 x', 1000, '문구', 0, '대한민국', '2022-04-28 17:25:19', 'wait', 0),
	(30, 'google_7', '윤성2', '영어책', '영어책1', 3999, '교구', 1, '대한민국', '2022-04-28 17:25:35', 'wait', 0),
	(31, 'google_1', '작은민트', '나이키 조던 220', '깨끗해요', 13000, '문구', 0, '대한민국', '2022-04-28 17:25:54', 'wait', 0),
	(32, 'google_3', 'jj', '자전거 부품 판매', '움직이지는 않은데 사실 분??', 30000, '기타', 1, '대한민국', '2022-04-28 17:26:02', 'wait', 0),
	(33, 'google_5', '해연실험1', '다꾸세트', 'ㅍ', 10000, '문구', 0, '대한민국', '2022-04-28 17:26:53', 'wait', 0),
	(34, 'google_1', '작은민트', '시공주니어 독서레벨1 65권', '작년에 구입한 책이에요 너무 깨끗하고 1~65번 입니다. 그중에 2권은 분실해서 제가 따로 구입해 채워놨고 약간 바램있어요\n택배비포함입니다', 100000, '도서', 1, '대한민국', '2022-04-28 17:27:09', 'wait', 0),
	(35, 'google_3', 'jj', '유치원때 썼던 콩순이컴', '초등학교 입학해서 팔아요', 45000, '완구', 1, '대한민국', '2022-04-28 17:28:03', 'comp', 0),
	(36, 'google_5', '해연실험1', '액괴', '직접만든거에요', 1000, '완구', 0, '대한민국', '2022-04-28 17:30:53', 'wait', 0),
	(37, 'google_7', '윤성2', '테스트1', 'ㄴ', 12, '기타', 1, '대한민국', '2022-04-29 02:13:11', 'wait', 1),
	(38, 'google_7', '윤성2', '안아줘요', '응애ㄹㄹ', 9999, '기타', 1, '대한민국', '2022-04-29 04:43:47', 'wait', 1),
	(39, 'google_3', 'jj', '여아 신발 180mm', '1년정도 신었는데 예뻐요~', 21000, '가방,신발,잡화', 0, '대한민국', '2022-04-29 13:20:56', 'wait', 0),
	(40, 'google_3', 'jj', '뽀로로 인형이요', '인형팔아요~', 1500, '완구', 0, '대한민국', '2022-04-29 13:21:58', 'resrv', 0),
	(41, 'google_3', 'jj', '미국 영어 교과서에요~ 영어공부하세요', '2권 총합해서 15000원이에요', 15000, '도서', 1, '대한민국', '2022-04-29 13:24:03', 'wait', 0),
	(42, 'google_1', '작은민트', '닌텐도 마법천자문', '닌텐도칩입니다.\n\n택비포함 8천원입니다.\n\n가지러 오시면 5천원입니다.', 7000, '완구', 0, '대한민국', '2022-04-29 13:24:16', 'wait', 0),
	(43, 'google_1', '작은민트', '88오락실 미니 게임기', '88오락실 미니 게임기\n사용가능하구요~\n다양한게임이 들어있어 좋아요.\n택포15000', 15000, '완구', 1, '대한민국', '2022-04-29 13:36:40', 'comp', 0),
	(44, 'google_3', 'jj', '말랑이 거래', '팝입 푸시팝 여러개 팔아요 ', 20000, '완구', 1, '대한민국', '2022-04-29 13:45:32', 'wait', 0),
	(45, 'google_3', 'jj', '퍼즐 판매', '500 피스짜리 퍼즐이에요', 2000, '완구', 0, '대한민국', '2022-04-29 13:48:14', 'resrv', 0),
	(46, 'google_14', '한상민4062', '고양이', '팝니다.', 100000000, '문구', 0, '대한민국', '2022-04-29 16:02:06', 'wait', 1),
	(47, 'google_22', '정재홍4119', '남영돈', '서울 남영돈 꼭 가보세요 맛있어요', 99999999, '기타', 0, '대한민국', '2022-04-29 16:03:23', 'wait', 1),
	(48, 'google_15', 'Hs', '톰캣', 'ㅍㅍㅍ', 1, '기타', 1, '대한민국', '2022-04-29 16:04:00', 'resrv', 1),
	(49, 'google_17', '모됴2989', '프로젝트하고 뻗은 로봇', '\n뻗어있는 친구를 데려가주세요 ', 30000, '기타', 1, '대한민국', '2022-04-29 16:05:27', 'wait', 1),
	(50, 'google_20', '제리', '에?!', '커여운 고양이 분양합니다', 125000, '완구', 1, '대한민국', '2022-04-29 16:08:44', 'wait', 1),
	(51, 'google_25', 'inacro', '저렴하게 와인을 팔아요. ', '당연히 미개봉 상태입니다.  제가 좋아하는 제품인데 한동안 술을 안 마시려고 사 놓은 것을 팔려고 합니다. \n', 10000, '기타', 1, '대한민국', '2022-04-29 16:09:19', 'wait', 1),
	(52, 'google_18', 'pppp', '멍멍이', '멍멍이', 99999999, '기타', 1, '대한민국', '2022-04-29 16:09:22', 'wait', 1),
	(53, 'google_26', 'martin1341', '포켓몬빵 팝니다', '고양이가 한입먹긴했는데... 10프로 네고 가능합니다...', 3000, '기타', 1, '대한민국', '2022-04-29 16:12:02', 'wait', 1),
	(54, 'google_22', '정재홍4119', '코로나 자가 격리문자 팝니다', '코로나 자가 격리문자 팝니다', 500, '문구', 0, '대한민국', '2022-04-29 16:13:15', 'wait', 1),
	(55, 'google_28', '윤성일_son1', '고라파덕', '고라파덕 귀여운 고라파덕', 9800, '기타', 1, '대구 남구', '2022-04-29 16:17:14', 'comp', 0),
	(82, 'google_7', '윤성2', '응애테스트', '응애테스트', 1, '의류', 0, '대한민국', '2022-05-23 21:54:24', 'wait', 1),
	(83, 'google_7', '윤성2', '응애테스트', '응애테스트', 12, '문구', 0, '대한민국', '2022-05-23 21:58:34', 'wait', 0);
/*!40000 ALTER TABLE `goods` ENABLE KEYS */;

-- 테이블 데이터 imint_back.goods_images:~62 rows (대략적) 내보내기
/*!40000 ALTER TABLE `goods_images` DISABLE KEYS */;
INSERT INTO `goods_images` (`goods_images_id`, `goods_id`, `goods_images_path`, `goods_images_thumbnail`, `goods_images_originname`, `goods_images_isdelete`) VALUES
	(262, 12, '/iMintImage/goods/2022/4/28/12_2022-04-28_161851%286945a80f-3c7c-43e2-b1a4-b7bab5060ed4%29.jfif', 1, '99A62E485BB44A6218.jfif', 0),
	(263, 12, '/iMintImage/goods/2022/4/28/12_2022-04-28_161851%28757882fb-f2f7-40b0-9cb9-916090c2165d%29.jfif', 0, '99A62E485BB44A6218.jfif', 0),
	(264, 13, '/iMintImage/goods/2022/4/28/13_2022-04-28_162528%287d007a53-e381-4570-bb62-0efdb9698aaa%29.jpg', 1, '181591525_1_1646953016_w360.jpg', 0),
	(265, 15, '/iMintImage/goods/2022/4/28/15_2022-04-28_170827%28ebaec674-7eae-47b1-8527-4872eedce3c6%29.jpeg', 1, 'photo-1542676032-6e468ada2953.jpeg', 1),
	(266, 15, '/iMintImage/goods/2022/4/28/15_2022-04-28_170827%289e940dcb-7837-4533-afaa-0b574c2b8f31%29.jpeg', 0, 'photo-1542676032-6e468ada2953.jpeg', 1),
	(267, 15, '/iMintImage/goods/2022/4/28/15_2022-04-28_170827%286d25289d-39b8-48e0-b080-9fc2025fc6e0%29.jpeg', 0, 'photo-1499174549139-68d3f37243b4.jpeg', 1),
	(268, 16, '/iMintImage/goods/2022/4/28/16_2022-04-28_170909%28107c7ad0-7517-4bd7-b7da-c4c7137a6459%29.jpg', 1, 'istockphoto-1219372365-1024x1024.jpg', 0),
	(269, 16, '/iMintImage/goods/2022/4/28/16_2022-04-28_170909%28e04e4991-cfc1-4485-afd8-7118af6828f6%29.png', 0, 'noimage.png', 0),
	(270, 17, '/iMintImage/goods/2022/4/28/17_2022-04-28_170956%28e6085bfe-68ee-43fd-bdfc-468686e6ebb3%29.jpg', 1, 'balloonn.jpg', 0),
	(271, 18, '/iMintImage/goods/2022/4/28/18_2022-04-28_171027%2836459e20-0a59-46d8-9e9e-8a385267d337%29.jpeg', 1, '9de44be053c9a0acfe32d0c7717a7914ede6885acaaf89e3ea07a752c9091934.jpeg', 0),
	(272, 20, '/iMintImage/goods/2022/4/28/20_2022-04-28_171116%28166ffe0d-a5da-4a89-b05f-e4fbde90eabe%29.png', 1, 'image.png', 0),
	(273, 21, '/iMintImage/goods/2022/4/28/21_2022-04-28_171827%282efe84c0-63b2-4288-81a6-5dd93fdd48da%29.jpg', 1, '교과서.jpg', 0),
	(274, 21, '/iMintImage/goods/2022/4/28/21_2022-04-28_171827%28e030983d-fc8c-4fd6-970e-6da8859c8a9b%29.jpg', 0, '교과서.jpg', 0),
	(276, 23, '/iMintImage/goods/2022/4/28/23_2022-04-28_172037%28740f09bb-d7de-45b6-a0c9-0a575e883203%29.png', 1, 'image.png', 0),
	(277, 24, '/iMintImage/goods/2022/4/28/24_2022-04-28_172144%28287cc922-8a58-441e-bf79-87417b1c0b80%29.jpg', 1, 'B43CF1BEB28EB1238DD9F88E71212B02700325900AB80D48E18A5CFD9C2C0298.jpg', 0),
	(278, 25, '/iMintImage/goods/2022/4/28/25_2022-04-28_172151%28ad4af221-cfed-48cb-84c2-a6e81e14b50e%29.png', 1, 'image.png', 0),
	(279, 26, '/iMintImage/goods/2022/4/28/26_2022-04-28_172236%28fc30d9d2-5ca3-4811-bc0a-53935cc4b51e%29.jpeg', 1, '닌텐도.jpeg', 0),
	(280, 22, '/iMintImage/goods/2022/4/28/22_2022-04-28_172300%28464c1655-0902-47d7-b833-abdf9650772b%29.crdownload', 1, '22_2022-04-28_171914(ce4d1eab-60f7-4f44-9b9d-4c8b6304f31e).crdownload', 0),
	(281, 27, '/iMintImage/goods/2022/4/28/27_2022-04-28_172347%2875295194-9771-4bb6-b25b-e61247b43944%29.png', 1, 'image.png', 0),
	(282, 28, '/iMintImage/goods/2022/4/28/28_2022-04-28_172422%283f0ff535-3b96-4335-a659-3aa98eb62b47%29.jpeg', 1, '젤다.jpeg', 0),
	(283, 29, '/iMintImage/goods/2022/4/28/29_2022-04-28_172519%28096109b9-4a94-4634-a93c-3704d98ab938%29.webp', 1, '감성엽서.webp', 0),
	(284, 29, '/iMintImage/goods/2022/4/28/29_2022-04-28_172519%281e95cdc8-9554-4cc0-9ac0-caf40b7c7545%29.webp', 0, '감성엽서.webp', 0),
	(285, 29, '/iMintImage/goods/2022/4/28/29_2022-04-28_172519%28b8aea54a-f8c8-4fe2-b052-68d8fac716ee%29.webp', 0, '감성엽서.webp', 0),
	(288, 31, '/iMintImage/goods/2022/4/28/31_2022-04-28_172554%283405e38b-c1a0-4881-9846-e7f12ee840af%29.png', 1, 'image.png', 0),
	(290, 33, '/iMintImage/goods/2022/4/28/33_2022-04-28_172653%28de61f6df-cbe1-4356-92b3-2186366de9fd%29.jpeg', 1, '다꾸.jpeg', 0),
	(291, 34, '/iMintImage/goods/2022/4/28/34_2022-04-28_172709%28ca48c64a-a41a-49ed-bf1e-358c417774f1%29.png', 1, 'image.png', 0),
	(294, 32, '/iMintImage/goods/2022/4/28/32_2022-04-28_172955%282cb3ebcd-e37e-4974-b974-e2d2cc0db939%29.png', 1, '32_2022-04-28_172937(a0445e0d-a211-49bb-aeee-ff5afa520132).png', 0),
	(299, 35, '/iMintImage/goods/2022/4/28/35_2022-04-28_173023%283e66bd9b-345b-4ca3-bd14-d6113ee005a3%29.jpg', 1, '35_2022-04-28_173014(84a43ebc-fa9d-49b0-869b-969bb6401e2c).jpg', 0),
	(303, 36, '/iMintImage/goods/2022/4/28/36_2022-04-28_173053%289f3ef8ca-ce22-4877-b04e-9b1b17ca3b50%29.jpeg', 1, '액괴.jpeg', 0),
	(304, 30, '/iMintImage/goods/2022/4/28/30_2022-04-28_173452%28bf22010c-ddb9-4549-baa3-7ea26d160aff%29.jpg', 1, '30_2022-04-28_173031(222779b2-e89d-409e-bbae-2c0396f5a6c6).jpg', 0),
	(305, 30, '/iMintImage/goods/2022/4/28/30_2022-04-28_173452%2887e435fe-1a49-4a61-8f1d-39cf37637cf6%29.jpg', 0, '30_2022-04-28_173031(78549500-2fe8-4d42-a9b6-2eafb2645c49).jpg', 0),
	(306, 30, '/iMintImage/goods/2022/4/28/30_2022-04-28_173452%2880dd3f26-7401-4ae9-b586-2489b590d832%29.png', 0, '30_2022-04-28_173031(18b5c8c9-dd46-459f-9161-74b8cdf9270b).png', 0),
	(307, 30, '/iMintImage/goods/2022/4/28/30_2022-04-28_173452%28533c43a6-0f9c-4124-a036-cdc5eb208f4f%29.png', 0, '화면 캡처 2022-02-03 150644.png', 0),
	(310, 37, '/iMintImage/goods/2022/4/29/37_2022-04-29_021322%287ce78771-d5f0-431a-82a5-e2976d83715f%29.png', 1, '37_2022-04-29_021311(30ab658d-20a8-4f02-9d72-c4c6b1342981).png', 1),
	(311, 37, '/iMintImage/goods/2022/4/29/37_2022-04-29_021322%28c58944a9-828c-44c2-813d-b2b175d33bc5%29.png', 0, '37_2022-04-29_021311(fac00267-8c37-4f2e-bc1a-c22054721ea1).png', 1),
	(329, 39, '/iMintImage/goods/2022/4/29/39_2022-04-29_132056%288798a847-bd05-4657-949b-3fba22ed001d%29.jpg', 1, '신발.jpg', 0),
	(330, 40, '/iMintImage/goods/2022/4/29/40_2022-04-29_132158%28d8056bd2-aa91-4bc0-b504-198d9df9c1fd%29.jpg', 1, '뽀로로.jpg', 0),
	(331, 41, '/iMintImage/goods/2022/4/29/41_2022-04-29_132403%280a68ac0c-ae64-45f7-9552-84a2085e809f%29.jpg', 1, '미국교과서.jpg', 0),
	(332, 42, '/iMintImage/goods/2022/4/29/42_2022-04-29_132416%28f4a2ece9-e054-4fee-99d4-8ef63fad2564%29.png', 1, 'image.png', 0),
	(333, 42, '/iMintImage/goods/2022/4/29/42_2022-04-29_132416%288ecf061f-53b3-4415-b1da-653f49954d10%29.png', 0, 'image.png', 0),
	(334, 43, '/iMintImage/goods/2022/4/29/43_2022-04-29_133640%28e6871cd0-fb70-4052-a353-1c19a8a238c5%29.png', 1, 'image.png', 0),
	(335, 43, '/iMintImage/goods/2022/4/29/43_2022-04-29_133640%2842ae8d80-8534-418d-ab00-ca8f0634b953%29.png', 0, 'image.png', 0),
	(336, 43, '/iMintImage/goods/2022/4/29/43_2022-04-29_133640%28c148b62f-b0fd-43e3-8a49-da63de45e352%29.png', 0, 'image.png', 0),
	(338, 44, '/iMintImage/goods/2022/4/29/44_2022-04-29_134637%28f68f9ec9-f875-42db-83ba-750e1f44dbfc%29.jpg', 1, '44_2022-04-29_134532(82a2107b-1a41-4d20-9658-ba17042159cb).jpg', 0),
	(339, 45, '/iMintImage/goods/2022/4/29/45_2022-04-29_134814%286533ec52-a8b2-4239-b7e6-c9843a75a8d2%29.jpg', 1, '퍼즐.jpg', 0),
	(342, 47, '/iMintImage/goods/2022/4/29/47_2022-04-29_160323%28f1f4c21c-29c5-4ff3-b304-1163a30138f1%29.jpg', 1, 'KakaoTalk_20220428_155543790.jpg', 1),
	(343, 48, '/iMintImage/goods/2022/4/29/48_2022-04-29_160400%2850b4f9b9-de87-4f34-bd68-7eab7baf73e1%29.png', 1, 'tomcat.png', 0),
	(344, 49, '/iMintImage/goods/2022/4/29/49_2022-04-29_160527%282c286e48-bdec-43d9-a543-675abcc867a5%29.png', 1, '해탈.png', 0),
	(345, 50, '/iMintImage/goods/2022/4/29/50_2022-04-29_160844%28e7ae2a7a-4349-4c95-b22f-46327b8d22c6%29.jpg', 1, 'cat1.jpg', 0),
	(347, 52, '/iMintImage/goods/2022/4/29/52_2022-04-29_160922%28fdce37c4-a3e3-4a28-8ff9-6132a65930e0%29.jfif', 1, 'dog1.jfif', 0),
	(350, 51, '/iMintImage/goods/2022/4/29/51_2022-04-29_161213%28bb35f5c3-e6e9-42f4-8123-210fa29364b9%29.jpg', 1, '51_2022-04-29_161033(bfdb8151-9afe-491e-a13e-d25e4c5651b8).jpg', 1),
	(351, 54, '/iMintImage/goods/2022/4/29/54_2022-04-29_161315%28e1623516-8dc1-44ec-bd77-155146320126%29.jpg', 1, 'KakaoTalk_20220418_163417436.jpg', 1),
	(352, 53, '/iMintImage/goods/2022/4/29/53_2022-04-29_161442%28a70b0ead-5f02-4bbc-bfa9-2266ab528067%29.jpg', 1, '53_2022-04-29_161202(474d20d7-309e-4e54-a084-20c9dc5c946f).jpg', 0),
	(357, 55, '/iMintImage/goods/2022/4/29/55_2022-04-29_162612%289a32ec57-1f22-4b54-9136-2bd5c72ecdea%29.jpg', 1, '55_2022-04-29_161819(28e27d3e-fa26-4038-ac8d-ed2362e3bb59).jpg', 1),
	(358, 55, '/iMintImage/goods/2022/4/29/55_2022-04-29_162612%289521093b-c89f-4f75-bda1-66e1ef66edea%29.jpg', 0, '55_2022-04-29_161819(de14bbf4-6e48-4e02-90b3-0516f0cbd7bb).jpg', 1),
	(359, 46, '/iMintImage/goods/2022/4/29/46_2022-04-29_162700%281c8e1f80-9c15-4e38-8776-626ab3910a78%29.png', 1, '46_2022-04-29_160258(916c0aeb-1359-4ee8-a674-ce7bcb0ab809).png', 0),
	(360, 38, '/iMintImage/goods/2022/4/29/38_2022-04-29_112349(a7bc55f8-ee03-42f1-874c-6d4dd5873a89).gif', 1, '38_2022-04-29_112349(a7bc55f8-ee03-42f1-874c-6d4dd5873a89).gif', 0),
	(361, 38, '/iMintImage/goods/2022/4/29/38_2022-04-29_112349(88fadcca-af43-458c-9d98-2f7b703df057).jpg', 0, '38_2022-04-29_112349(88fadcca-af43-458c-9d98-2f7b703df057).jpg', 0),
	(362, 38, '/iMintImage/goods/2022/4/29/38_2022-04-29_112349(78e5a460-c35e-4cb6-bbfa-7b3c2a9b2780).jpg', 0, '38_2022-04-29_112349(78e5a460-c35e-4cb6-bbfa-7b3c2a9b2780).jpg', 0),
	(363, 38, '/iMintImage/goods/2022/4/29/38_2022-04-29_112349(87d23c17-ddf8-4bf8-8522-13c926c48e69).jpg', 0, '38_2022-04-29_112349(87d23c17-ddf8-4bf8-8522-13c926c48e69).jpg', 0),
	(451, 82, '/iMintImage/goods/2022/5/23/82_2022-05-23_215424%28ea70cba3-3697-4d3a-beac-06e715b11f40%29.png', 1, 'noimage.png', 1),
	(452, 83, '/iMintImage/goods/2022/5/23/83_2022-05-23_215834%2896aeb4d1-28ed-4613-8f7c-5a6b188b3a7a%29.png', 1, 'noimage.png', 0);
/*!40000 ALTER TABLE `goods_images` ENABLE KEYS */;

-- 테이블 데이터 imint_back.member:~36 rows (대략적) 내보내기
/*!40000 ALTER TABLE `member` DISABLE KEYS */;
INSERT INTO `member` (`mb_no`, `mb_id`, `mb_provider`, `mb_guard`, `mb_nick`, `mb_email`, `mb_join_date`, `mb_interest`, `mb_location`, `mb_ratings_total`, `mb_pin`, `mb_thumbnail`, `mb_isdelete`, `mb_role`) VALUES
	(53, 'google_1', 'google', 'naver_2', '작은민트', 'ghhjkk@hanyang.ac.kr', '2022-04-28 15:44:51', '문구', '대한민국', 10, NULL, '/iMintImage/member/CHILD/google/google_105109371333645175867.jfif', 0, 'CHILD'),
	(64, 'google_10', 'google', 'naver_8', '윤성3', 'dbs1501189@gmail.com', '2022-04-28 17:56:34', '문구', '대한민국', 10, NULL, '/iMintImage/member/CHILD/google/google_111407574750602381880.png', 0, 'CHILD'),
	(68, 'google_12', 'google', 'naver_8', 'temp22', 'temp22@gmail.com', '2022-04-29 10:29:58', '의류', '대한민국', 10, NULL, NULL, 0, 'CHILD'),
	(112, 'google_13', 'google', 'naver_8', '문쥬빌레moonsjubilees8350', 'moons0927@gmail.com', '2022-04-29 15:55:33', '문구', '대한민국', 10, NULL, NULL, 0, 'CHILD'),
	(113, 'google_14', 'google', 'naver_8', '한상민4062', 'alstkdgks@gmail.com', '2022-04-29 15:55:33', '완구', '대한민국', 10, NULL, NULL, 0, 'CHILD'),
	(114, 'google_15', 'google', 'naver_8', 'Hs', 'test202110071402@gmail.com', '2022-04-29 15:57:07', '완구', '대한민국', 10, NULL, NULL, 0, 'CHILD'),
	(115, 'google_16', 'google', 'naver_8', '123456789', 'email@email.com', '2022-04-29 15:57:19', '문구', '대한민국', 10, NULL, NULL, 0, 'CHILD'),
	(116, 'google_17', 'google', 'naver_8', '모됴2989', 'rihyun101@gmail.com', '2022-04-29 15:58:05', '도서', '대한민국', 10, NULL, NULL, 0, 'CHILD'),
	(117, 'google_18', 'google', 'naver_8', 'pppp', 'ppp@ppp.com', '2022-04-29 15:58:08', '문구', '대한민국', 10, NULL, '/iMintImage/member/CHILD/google/google_106900649026426205418.jfif', 0, 'CHILD'),
	(118, 'google_19', 'google', 'naver_8', '7조화이팅', 'overult09@gmail.com', '2022-04-29 15:58:10', '교구', '대한민국', 10, NULL, NULL, 0, 'CHILD'),
	(120, 'google_20', 'google', 'naver_8', '제리', 'alfndp25@gmail.com', '2022-04-29 15:58:14', '완구', '대한민국', 10, NULL, NULL, 0, 'CHILD'),
	(121, 'google_21', 'google', 'naver_8', '써랑8672', 'terry940513@gmail.com', '2022-04-29 15:58:21', '도서', '대한민국', 10, NULL, NULL, 0, 'CHILD'),
	(122, 'google_22', 'google', 'naver_8', '정재홍4119', 'jaehong2782@gmail.com', '2022-04-29 15:58:45', '문구', '대한민국', 10, NULL, NULL, 0, 'CHILD'),
	(123, 'google_23', 'google', 'naver_2', '수상한사람', 'ghhjkk@gmail.com', '2022-04-29 15:58:54', '문구', '대한민국', 12, NULL, NULL, 0, 'CHILD'),
	(124, 'google_24', 'google', NULL, 'hee', 'iyou0101@gmail.com', '2022-04-29 16:01:45', '문구', '대한민국', 10, NULL, NULL, 0, 'CHILD'),
	(125, 'google_25', 'google', NULL, 'inacro', 'kjgyu24@gmail.com', '2022-04-29 16:03:07', '도서', '대한민국', 10, NULL, NULL, 0, 'CHILD'),
	(126, 'google_26', 'google', NULL, 'martin1341', 'martin1341@naver.com', '2022-04-29 16:09:34', '완구', '대한민국', 10, NULL, NULL, 0, 'CHILD'),
	(128, 'google_28', 'google', 'kakao_27', '윤성일_son1', 'dbs3346a@gmail.com', '2022-04-29 16:14:48', '문구', '대한민국', 10, NULL, NULL, 0, 'CHILD'),
	(129, 'google_29', 'google', 'kakao_27', '윤성일_son2', 'dbs3346b@gmail.com', '2022-04-29 16:18:57', '문구', '대한민국', 10, NULL, NULL, 0, 'CHILD'),
	(55, 'google_3', 'google', NULL, 'jj', 'overult01@gmail.com', '2022-04-28 15:47:13', '문구', '대한민국', 8, NULL, '/iMintImage/member/CHILD/google/google_117757611328703745272.jpg', 0, 'CHILD'),
	(131, 'google_30', 'google', NULL, '윤띵8470', 'dbs970131@gmail.com', '2022-04-29 19:11:38', '문구', '대한민국', 10, NULL, NULL, 0, 'CHILD'),
	(133, 'google_32', 'google', NULL, '김규진9236', 'gogyuja@gmail.com', '2022-04-29 19:18:16', '문구', '대한민국', 10, NULL, NULL, 0, 'CHILD'),
	(136, 'google_34', 'google', NULL, 'Haeyeon Jeon6220', 'haeyeon2727@gmail.com', '2022-05-16 08:37:33', '문구', '대한민국', 10, NULL, NULL, 0, 'UN_CHILD'),
	(172, 'google_35', 'google', NULL, 'imint cs9651', 'imintbaby001@gmail.com', '2022-05-19 18:21:59', NULL, '대한민국', 10, NULL, NULL, 0, 'UN_CHILD'),
	(57, 'google_5', 'google', 'kakao_6', '해연실험1', 'lillyine.hy@gmail.com', '2022-04-28 15:48:07', '문구', '대한민국', 10, NULL, NULL, 0, 'CHILD'),
	(60, 'google_7', 'google', 'naver_8', '윤성2', 'dbs3346@gmail.com', '2022-04-28 15:49:03', '문구', '대한민국', 13, NULL, '/iMintImage/member/CHILD/google/google_102592663151810141035.jpg', 0, 'CHILD'),
	(127, 'kakao_27', 'kakao', NULL, '윤성일_보호자', 'dbs1501189@gmail.com', '2022-04-29 16:12:40', NULL, '대한민국', 10, 'R86JBCAP', NULL, 0, 'GUARD'),
	(132, 'kakao_31', 'kakao', NULL, '김규진6914', 'rlarbwls6@kakao.com', '2022-04-29 19:16:08', NULL, '대한민국', 10, 'RSA1Y2BJ', NULL, 0, 'GUARD'),
	(135, 'kakao_33', 'kakao', NULL, '관리자이강산', 'ghhjkk@gmail.com', '2022-05-13 01:48:16', NULL, '대한민국', 10, NULL, NULL, 0, 'ADMIN'),
	(59, 'kakao_6', 'kakao', NULL, '해연', 'lillyine@kakao.com', '2022-04-28 15:49:00', '', '대한민국', 10, 'UK5X7R3H', NULL, 0, 'GUARD'),
	(62, 'kakao_9', 'kakao', NULL, 'J7472', 'bebig@kakao.com', '2022-04-28 16:01:27', NULL, '대한민국', 10, 'U5ZBIDPT', '/iMintImage/member/GUARD/kakao/kakao_2200195249.png', 1, 'GUARD'),
	(65, 'naver_11', 'naver', 'naver_8', '전해연3782', 'lillyine@naver.com', '2022-04-28 18:23:49', NULL, '대한민국', 10, 'Y9O1PDFE', NULL, 0, 'GUARD'),
	(54, 'naver_2', 'naver', NULL, '큰민트', 'ghhjkk@naver.com', '2022-04-28 15:45:53', '', '대한민국', 10, 'OU6I021M', NULL, 0, 'GUARD'),
	(174, 'naver_36', 'naver', NULL, '윤근화9952', 'dbs267@naver.com', '2022-05-21 04:17:25', NULL, '대한민국', 10, 'GMCNQXJB', NULL, 0, 'ADMIN'),
	(56, 'naver_4', 'naver', 'kakao_9', '양정민2591', 'wjdals0814@naver.com', '2022-04-28 15:47:48', '', '대한민국', 10, NULL, NULL, 1, 'ADMIN'),
	(61, 'naver_8', 'naver', NULL, '윤성일', 'dbs2671@naver.com', '2022-04-28 15:49:38', '', '대한민국', 10, 'AK6I7T3J', '/iMintImage/member/GUARD/naver/naver_BkthPZQVXx5zyZCwb2-G4kUDdwN4ve_4iuHnCiauZ8U.jpg', 0, 'GUARD');
/*!40000 ALTER TABLE `member` ENABLE KEYS */;

-- 테이블 데이터 imint_back.notification:~0 rows (대략적) 내보내기
/*!40000 ALTER TABLE `notification` DISABLE KEYS */;
/*!40000 ALTER TABLE `notification` ENABLE KEYS */;

-- 테이블 데이터 imint_back.rating:~0 rows (대략적) 내보내기
/*!40000 ALTER TABLE `rating` DISABLE KEYS */;
INSERT INTO `rating` (`rating_id`, `trx_id`, `mb_id`, `rating_score`, `rating_create_date`) VALUES
	(6, 7, 'google_1', 5, '2022-05-12 00:40:06'),
	(7, 8, 'google_1', 4, '2022-05-12 08:38:37'),
	(8, 4, 'google_7', 1, '2022-05-17 14:45:58'),
	(9, 5, 'google_1', 5, '2022-05-23 11:48:05');
/*!40000 ALTER TABLE `rating` ENABLE KEYS */;

-- 테이블 데이터 imint_back.transaction:~0 rows (대략적) 내보내기
/*!40000 ALTER TABLE `transaction` DISABLE KEYS */;
INSERT INTO `transaction` (`trx_id`, `trx_isdelete`, `trx_complete_date`, `mb_id`, `goods_id`) VALUES
	(3, 0, '2022-04-28 17:47:21', 'google_1', 35),
	(4, 0, '2022-04-29 03:49:15', 'google_3', 18),
	(5, 0, '2022-04-29 05:20:06', 'google_7', 12),
	(6, 0, '2022-04-29 16:21:32', 'google_29', 55),
	(7, 0, '2022-05-11 09:14:58', 'google_23', 43),
	(8, 0, '2022-05-12 08:20:31', 'google_7', 16);
/*!40000 ALTER TABLE `transaction` ENABLE KEYS */;

-- 테이블 데이터 imint_back.wishlist:~0 rows (대략적) 내보내기
/*!40000 ALTER TABLE `wishlist` DISABLE KEYS */;
INSERT INTO `wishlist` (`wishlist_id`, `mb_id`, `goods_id`, `wishlist_create_date`, `wishlist_isdelete`) VALUES
	(29, 'google_1', 35, '2022-04-28 17:30:43', 0),
	(30, 'google_1', 33, '2022-04-28 17:30:47', 0),
	(31, 'google_1', 29, '2022-04-28 17:30:53', 0),
	(32, 'google_1', 26, '2022-04-28 17:31:00', 0),
	(33, 'google_1', 24, '2022-04-28 17:31:06', 0),
	(34, 'google_3', 34, '2022-04-28 17:36:15', 0),
	(35, 'google_3', 18, '2022-04-28 17:36:28', 0),
	(36, 'google_3', 31, '2022-04-28 17:36:57', 1),
	(37, 'google_3', 33, '2022-04-28 17:37:12', 0),
	(38, 'google_3', 36, '2022-04-28 17:44:00', 0),
	(39, 'google_7', 35, '2022-04-28 18:30:43', 1),
	(40, 'google_7', 34, '2022-04-28 18:30:46', 0),
	(41, 'google_7', 36, '2022-04-29 11:16:34', 1),
	(42, 'google_7', 16, '2022-04-29 01:34:22', 0),
	(43, 'google_1', 38, '2022-04-29 05:17:39', 0),
	(44, 'google_7', 25, '2022-04-29 11:25:31', 0),
	(45, 'google_1', 41, '2022-04-29 13:37:05', 0),
	(46, 'google_1', 28, '2022-04-29 13:37:31', 0),
	(47, 'google_18', 45, '2022-04-29 16:00:31', 0),
	(48, 'google_18', 43, '2022-04-29 16:00:40', 0),
	(49, 'google_17', 36, '2022-04-29 16:01:06', 1),
	(50, 'google_15', 45, '2022-04-29 16:01:15', 0),
	(51, 'google_19', 44, '2022-04-29 16:02:17', 0),
	(52, 'google_3', 46, '2022-04-29 16:02:32', 0),
	(53, 'google_15', 38, '2022-04-29 16:02:43', 0),
	(54, 'google_1', 46, '2022-04-29 16:02:52', 0),
	(55, 'google_3', 48, '2022-04-29 16:05:30', 0),
	(56, 'google_3', 49, '2022-04-29 16:05:48', 0),
	(57, 'google_1', 48, '2022-04-29 16:05:53', 0),
	(58, 'google_1', 52, '2022-05-12 06:55:51', 1),
	(59, 'google_25', 52, '2022-04-29 16:12:39', 0),
	(60, 'google_1', 53, '2022-05-12 08:42:28', 0),
	(61, 'google_24', 46, '2022-04-29 16:17:52', 0),
	(62, 'google_3', 54, '2022-04-29 16:19:54', 0),
	(63, 'google_7', 55, '2022-04-29 16:24:41', 0),
	(64, 'google_29', 55, '2022-04-29 16:24:45', 0),
	(65, 'google_26', 44, '2022-04-29 16:40:57', 0),
	(66, 'google_32', 53, '2022-04-29 19:20:25', 0),
	(67, 'google_7', 46, '2022-05-16 13:15:26', 0),
	(68, 'google_1', 55, '2022-05-12 08:09:38', 1),
	(69, 'google_1', 18, '2022-05-12 09:08:26', 0),
	(72, 'google_23', 38, '2022-05-17 17:03:32', 0),
	(73, 'google_7', 50, '2022-05-18 17:18:40', 0),
	(75, 'google_7', 40, '2022-05-20 23:58:24', 0),
	(77, 'google_7', 45, '2022-05-23 14:08:20', 0);
/*!40000 ALTER TABLE `wishlist` ENABLE KEYS */;

/*!40101 SET SQL_MODE=IFNULL(@OLD_SQL_MODE, '') */;
/*!40014 SET FOREIGN_KEY_CHECKS=IFNULL(@OLD_FOREIGN_KEY_CHECKS, 1) */;
/*!40101 SET CHARACTER_SET_CLIENT=@OLD_CHARACTER_SET_CLIENT */;
/*!40111 SET SQL_NOTES=IFNULL(@OLD_SQL_NOTES, 1) */;
